<?xml version="1.0" encoding="UTF-8"?>

<configs>
    <config>

        <trigger>
            <object>customEntity15__c</object>
            <!-- Options: add / update / delete-->
            <operate>add</operate>
            <!-- Options: before / after-->
            <position>after</position>
            <order>1</order>
            <!-- Caution: match case / spell / full path-->
            <class>other.rkhd.salesbeforeapply.SalesBeforeApplyTrigger</class>
        </trigger>
        <trigger>
            <object>customEntity15__c</object>
            <!-- Options: add / update / delete-->
            <operate>update</operate>
            <!-- Options: before / after-->
            <position>after</position>
            <order>1</order>
            <!-- Caution: match case / spell / full path-->
            <class>other.rkhd.salesbeforeapply.SalesBeforeApplyTrigger</class>
        </trigger>

    </config>

</configs>
